gen_sent	category	subject	masked_sent	few_prob	some_prob	many_prob	most_prob	all_prob
Telephones are used to communicate with the outside world.	quasidef	Telephones	telephones are used to communicate with the outside world.means that<mask> telephones are used to communicate with the outside world.	1.8305405546925613e-06	0.000641734164673835	0.0001717065752018243	0.00015640399942640215	0.00010076191392727196
Stilettos can be purchased online.	quasidef	Stilettos	stilettos can be purchased online.means that<mask> stilettos can be purchased online.	1.9940058336942457e-05	0.0002745855017565191	7.880943303462118e-05	0.00022764326422475278	0.0018019790295511484
Spaceships have to be able to move.	invirtue	Spaceships	spaceships have to be able to move.means that<mask> spaceships have to be able to move.	3.5688358934748976e-07	0.00017117119568865746	5.324068297341e-06	0.0004387678054627031	0.0036193188279867172
Spaceships have some sort of power.	quasidef	Spaceships	spaceships have some sort of power.means that<mask> spaceships have some sort of power.	1.9560422970243962e-07	0.00040441955206915736	8.307077223435044e-06	0.0003152363351546228	0.002890147501602769
Spaceships are used to travel.	quasidef	Spaceships	spaceships are used to travel.means that<mask> spaceships are used to travel.	1.5810182674158568e-07	0.0003328158927615732	3.468454087851569e-05	0.00032398576149716973	0.0003868465719278902
Skunks should be left alone.	character	Skunks	skunks should be left alone.means that<mask> skunks should be left alone.	1.65631172421854e-05	0.0012127605732530355	7.211169577203691e-05	7.303305028472096e-05	0.002533823484554887
Raccoons are found in wooded areas.	invirtue	Raccoons	raccoons are found in wooded areas.means that<mask> raccoons are found in wooded areas.	7.709182682447135e-06	0.00011007393186446279	5.547944601858035e-05	0.0001561945246066898	3.1331393984146416e-05
Pecans should be roasted.	invirtue	Pecans	pecans should be roasted.means that<mask> pecans should be roasted.	1.0546254998189397e-06	9.151335689239204e-06	3.1490856144955615e-06	2.5682156774564646e-05	0.0008516550878994167
Pecans have a nutty aroma.	quasidef	Pecans	pecans have a nutty aroma.means that<mask> pecans have a nutty aroma.	1.998271841330279e-07	2.8732101782225072e-06	2.5448505525105247e-08	1.8653734059626004e-06	6.903896405674459e-07
Pecans have a hard shell.	quasidef	Pecans	pecans have a hard shell.means that<mask> pecans have a hard shell.	5.711563517252216e-06	0.0004268358461558819	6.384129846992437e-06	0.0002582705346867442	0.0002365436521358788
Pecans can be found in their natural state in the wild.	character	Pecans	pecans can be found in their natural state in the wild.means that<mask> pecans can be found in their natural state in the wild.	0.0007077593472786248	0.00012949141091667116	0.00016534797032363713	0.0003049899241887033	0.0002868364390451461
Lorries are used to transport goods from one point to another.	quasidef	Lorries	lorries are used to transport goods from one point to another.means that<mask> lorries are used to transport goods from one point to another.	6.529313054670638e-07	0.00018631122657097876	0.00012651689758058637	4.133260154048912e-05	7.00793752912432e-05
Insulations are made of a material.	character	Insulations	insulations are made of a material.means that<mask> insulations are made of a material.	1.6035092187394184e-07	4.0910432289820164e-05	3.874583399010589e-06	0.00012727585271932185	0.0014638389693573117
Ice creams have a thick, creamy consistency.	quasidef	Ice creams	ice creams have a thick, creamy consistency.means that<mask> ice creams have a thick, creamy consistency.	0.0004500023787841201	0.003844300052151084	0.00010805665806401521	0.0026857738848775625	0.0009745846036821604
Hotel rooms are equipped with a microwave.	character	Hotel rooms	hotel rooms are equipped with a microwave.means that<mask> hotel rooms are equipped with a microwave.	1.7785646377888042e-06	0.00028827687492594123	4.924391396343708e-05	0.0006342856795527041	0.0027023456059396267
Guns are used in self defense.	invirtue	Guns	guns are used in self defense.means that<mask> guns are used in self defense.	3.7277097817423055e-06	0.0007283430895768106	0.0005504789296537638	0.00028445327188819647	0.0007154156337492168
Detergents have a strong scent.	character	Detergents	detergents have a strong scent.means that<mask> detergents have a strong scent.	7.804240340192337e-06	0.0002835393825080246	1.842447090893984e-05	0.00036588223883882165	2.3754748326609842e-05
Crucifixions have been carried out in public places.	character	Crucifixions	crucifixions have been carried out in public places.means that<mask> crucifixions have been carried out in public places.	5.8845158491749316e-05	0.0013579773949459195	0.0007883918005973101	0.00018297639326192439	0.0001878968469100073
Compressions should only be performed by trained medical personnel.	character	Compressions	compressions should only be performed by trained medical personnel.means that<mask> compressions should only be performed by trained medical personnel.	1.0062097288709992e-07	3.0224391593947075e-05	1.6389341226386023e-06	7.380171155091375e-05	5.644807970384136e-05
Comets may have a tail.	character	Comets	comets may have a tail.means that<mask> comets may have a tail.	4.20038446691251e-07	0.00022129775607027113	5.594202775682788e-06	0.00010277482215315104	0.00010055071470560506
Clocks are synchronized to the second.	character	Clocks	clocks are synchronized to the second.means that<mask> clocks are synchronized to the second.	7.442697551596211e-07	0.00019082019571214914	0.0001278473500860855	0.0009349744650535285	0.0054093929938972
Cameras are used to take photos of people.	quasidef	Cameras	cameras are used to take photos of people.means that<mask> cameras are used to take photos of people.	3.737417273441679e-06	0.0004938013153150678	0.0008742446661926806	0.00015089582302607596	6.375247176038101e-05
Bumpers are made of metal.	invirtue	Bumpers	bumpers are made of metal.means that<mask> bumpers are made of metal.	7.759718556599182e-08	4.672908835345879e-05	9.116341061599087e-06	0.0003951522521674633	0.0012142903869971633
Bulldozers are used to clear land to make way for new housing.	invirtue	Bulldozers	bulldozers are used to clear land to make way for new housing.means that<mask> bulldozers are used to clear land to make way for new housing.	1.0571231541689485e-05	6.195664900587872e-05	0.00026436010375618935	3.5595017834566534e-05	6.355724053719314e-06
Bleaches may be used to whiten the teeth.	character	Bleaches	bleaches may be used to whiten the teeth.means that<mask> bleaches may be used to whiten the teeth.	5.60258085897658e-05	0.0011272471165284514	2.4813052732497454e-05	4.717240699392278e-06	6.74654347676551e-06
Baboons should be left alone in the wild.	quasidef	Baboons	baboons should be left alone in the wild.means that<mask> baboons should be left alone in the wild.	0.00014619050489272922	0.0001370651734760031	0.00014591951912734658	0.00017740705516189337	0.0019408735679462552
Air pollutions are caused by burning fossil fuels.	quasidef	Air pollutions	air pollutions are caused by burning fossil fuels.means that<mask> air pollutions are caused by burning fossil fuels.	8.811090810922906e-05	0.004875936545431614	0.0031667440198361874	0.005295020528137684	0.005434792023152113
Wild turkeys may be killed for their feathers.	character	Wild turkeys	wild turkeys may be killed for their feathers.means that<mask> wild turkeys may be killed for their feathers.	0.00012703058018814772	0.011754455044865608	0.0010324175236746669	0.0002875858044717461	0.00045271089766174555
Wild pigs are a nuisance.	character	Wild pigs	wild pigs are a nuisance.means that<mask> wild pigs are a nuisance.	2.59204171015881e-05	0.0012124928180128336	0.00015370402252301574	4.795012137037702e-05	0.0004473547451198101
Water heaters can be used to heat water in the kitchen.	character	Water heaters	water heaters can be used to heat water in the kitchen.means that<mask> water heaters can be used to heat water in the kitchen.	1.1503240784804802e-05	0.0007697910186834633	0.00011076018563471735	0.00017687134095467627	6.471743108704686e-05
Water heaters are used to heat water to a certain temperature.	invirtue	Water heaters	water heaters are used to heat water to a certain temperature.means that<mask> water heaters are used to heat water to a certain temperature.	5.318290277500637e-06	0.00042224727803841233	5.322235301719047e-05	0.0004829613899346441	0.0001127235300373286
Water heaters are used to heat water in the kitchen.	invirtue	Water heaters	water heaters are used to heat water in the kitchen.means that<mask> water heaters are used to heat water in the kitchen.	1.3160520211386029e-05	0.001474414486438036	0.00026139779947698116	0.0004422353522386402	6.928407674422488e-05
Water heaters are equipped with a thermostat.	character	Water heaters	water heaters are equipped with a thermostat.means that<mask> water heaters are equipped with a thermostat.	1.0244666555081494e-05	0.0005820098449476063	0.00017914465570356697	0.00888055469840765	0.0035753243137151003
Wall fans have a fan blade attached to them.	quasidef	Wall fans	wall fans have a fan blade attached to them.means that<mask> wall fans have a fan blade attached to them.	3.105451469309628e-07	7.966622069943696e-05	1.6631815014989115e-05	0.0013008479727432132	0.0009959765011444688
Swamps may have many different types of plants.	invirtue	Swamps	swamps may have many different types of plants.means that<mask> swamps may have many different types of plants.	4.683611223299522e-06	0.0015512898098677397	0.0002266681258333847	5.5375774536514655e-05	3.6784585972782224e-05
Strawberries have a sweet flavor.	character	Strawberries	strawberries have a sweet flavor.means that<mask> strawberries have a sweet flavor.	0.0002939895784948021	0.0007354974513873458	1.0526485311856959e-05	0.0003740512765944004	0.0002339775674045086
Stairs are used to ascend.	invirtue	Stairs	stairs are used to ascend.means that<mask> stairs are used to ascend.	4.850317623095179e-07	0.0004572599718812853	6.691581074846908e-05	0.00013629192835651338	5.5547472584294155e-05
Spider mites can be controlled.	character	Spider mites	spider mites can be controlled.means that<mask> spider mites can be controlled.	2.4310642402269877e-05	0.0008022788679227233	6.716699863318354e-05	8.186361810658127e-05	0.0002842137182597071
Sparrows can be found in open areas.	character	Sparrows	sparrows can be found in open areas.means that<mask> sparrows can be found in open areas.	1.8244332750327885e-05	0.00017252702673431486	1.1212375284230802e-05	3.799342812271789e-05	7.24073788660462e-06
Slates may be placed on the floor, table, counter, etc.	character	Slates	slates may be placed on the floor, table, counter, etc.means that<mask> slates may be placed on the floor, table, counter, etc.	7.502264907088829e-07	0.0002445137361064553	1.3914571354689542e-05	4.179021925665438e-05	0.0001723242603475228
Skunks produce an odor.	quasidef	Skunks	skunks produce an odor.means that<mask> skunks produce an odor.	7.183203365457302e-07	0.00028907592059113085	1.8745691704680212e-05	5.016621435061097e-05	0.0002846734714694321
Sea snails have a hard shell, which protects them from predators.	quasidef	Sea snails	sea snails have a hard shell, which protects them from predators.means that<mask> sea snails have a hard shell, which protects them from predators.	3.037733767996542e-05	0.0011775186285376549	9.034200775204226e-05	0.002240352565422654	0.0022913755383342505
Scenes may be set in the past, present, future.	invirtue	Scenes	scenes may be set in the past, present, future.means that<mask> scenes may be set in the past, present, future.	1.8603645003167912e-05	0.023738635703921318	0.00017001014202833176	8.942046406446025e-05	0.00017454054614063352
Scenes are shot with a camera.	invirtue	Scenes	scenes are shot with a camera.means that<mask> scenes are shot with a camera.	5.582550511462614e-05	0.001332856365479529	0.0005440673558041453	0.0011867531575262547	0.002675784984603524
Remote controls may have buttons, switches, or dials.	quasidef	Remote controls	remote controls may have buttons, switches, or dials.means that<mask> remote controls may have buttons, switches, or dials.	2.692584359920147e-07	0.007983656600117683	8.726773376110941e-05	0.00039532859227620065	0.0003710791061166674
Radiators are designed to dissipate heat away from the system.	quasidef	Radiators	radiators are designed to dissipate heat away from the system.means that<mask> radiators are designed to dissipate heat away from the system.	1.2941077329742257e-06	3.804219886660576e-05	3.5202997423766647e-06	0.00020807827240787446	2.981891157105565e-05
Quakes produce seismic waves.	quasidef	Quakes	quakes produce seismic waves.means that<mask> quakes produce seismic waves.	2.7207934749640117e-07	0.00035213062074035406	3.420599750825204e-05	0.0008302175556309521	0.0008411289309151471
Pressure cookers may be used in the kitchen.	quasidef	Pressure cookers	pressure cookers may be used in the kitchen.means that<mask> pressure cookers may be used in the kitchen.	1.985393964787363e-06	0.000579524552449584	3.2793715945445e-05	0.0001012489155982621	2.125651008100249e-05
Pressure cookers may be set to high.	character	Pressure cookers	pressure cookers may be set to high.means that<mask> pressure cookers may be set to high.	6.359124427035567e-07	0.0011392685119062662	1.541231722512748e-05	0.000306799920508638	1.680353125266265e-05
Pressure cookers have a maximum temperature range.	invirtue	Pressure cookers	pressure cookers have a maximum temperature range.means that<mask> pressure cookers have a maximum temperature range.	1.781776882125996e-05	0.0005382227245718241	0.00017683916667010635	0.019740473479032516	0.005465121474117041
Pressure cookers are used for cooking.	quasidef	Pressure cookers	pressure cookers are used for cooking.means that<mask> pressure cookers are used for cooking.	2.175428562622983e-06	0.00028928666142746806	7.69346734159626e-05	0.0007167391595430672	0.00011472195183159783
Platelets may be isolated from the blood.	character	Platelets	platelets may be isolated from the blood.means that<mask> platelets may be isolated from the blood.	8.139371857396327e-06	0.00033877926762215793	0.00011148089106427506	7.607224688399583e-05	7.058227765810443e-06
Pecans may have to be peeled before eating them.	invirtue	Pecans	pecans may have to be peeled before eating them.means that<mask> pecans may have to be peeled before eating them.	2.568572926975321e-05	0.001725897891446948	7.300615106942132e-05	7.023377111181617e-05	3.9289214328164235e-05
Pecans may be purchased from a local grocery.	character	Pecans	pecans may be purchased from a local grocery.means that<mask> pecans may be purchased from a local grocery.	1.4175885553413536e-05	0.00018069152429234236	1.9254270227975212e-05	5.074217915534973e-05	8.87922287802212e-05
Pecans can be used to make a sweet, nutty dessert.	character	Pecans	pecans can be used to make a sweet, nutty dessert.means that<mask> pecans can be used to make a sweet, nutty dessert.	2.81490520137595e-06	1.4832821761956438e-05	3.2874896760404226e-07	3.7618842725350987e-06	7.523489102823078e-07
Pecans can be removed from their shells with a knife.	character	Pecans	pecans can be removed from their shells with a knife.means that<mask> pecans can be removed from their shells with a knife.	9.23365860217018e-06	0.00034274416975677013	7.367540092673153e-05	0.00043320024269632995	0.00020908807346131653
Paper clips are used to hold paper in place.	invirtue	Paper clips	paper clips are used to hold paper in place.means that<mask> paper clips are used to hold paper in place.	2.099199718941236e-06	0.000279487605439499	9.976639375963714e-06	3.031446431123186e-05	3.882992314174771e-05
Owls should be left alone.	character	Owls	owls should be left alone.means that<mask> owls should be left alone.	4.0139957491192035e-06	5.497897291206755e-05	3.017014023498632e-06	2.8742433642037213e-06	0.0003951591206714511
Music groups are able to get their music played on the radio.	invirtue	Music groups	music groups are able to get their music played on the radio.means that<mask> music groups are able to get their music played on the radio.	1.2432714356691577e-05	0.007089689839631319	0.0021695918403565884	0.00037799813435412943	0.0009468076750636101
Mud flaps can be affixed to a vehicle to provide additional protection from road debris.	quasidef	Mud flaps	mud flaps can be affixed to a vehicle to provide additional protection from road debris.means that<mask> mud flaps can be affixed to a vehicle to provide additional protection from road debris.	6.586247764062136e-06	0.0001793053379515186	2.517707434890326e-05	2.48004562308779e-05	7.749954238533974e-05
Mesh skimmers have been used to steal credit card information from retailers.	quasidef	Mesh skimmers	mesh skimmers have been used to steal credit card information from retailers.means that<mask> mesh skimmers have been used to steal credit card information from retailers.	3.306492715182685e-07	8.48000927362591e-05	5.779032107966486e-06	1.0609943274175748e-05	4.3461326981741877e-07
Managements are looking for ways to reduce costs.	character	Managements	managements are looking for ways to reduce costs.means that<mask> managements are looking for ways to reduce costs.	4.401163664624619e-07	9.096240682993084e-05	0.00015147689555305988	0.00018267420819029212	0.00030756063642911613
Lightnings are associated with thunder.	quasidef	Lightnings	lightnings are associated with thunder.means that<mask> lightnings are associated with thunder.	4.967127097188495e-06	0.00023959518875926733	2.7975782359135337e-05	9.012629016069695e-05	0.00031744263833388686
License plates are issued to vehicles.	quasidef	License plates	license plates are issued to vehicles.means that<mask> license plates are issued to vehicles.	7.94074765053665e-07	0.00018761158571578562	3.964149800594896e-05	8.348708070116118e-05	0.0002562841400504112
Ladles can be found in the kitchen.	invirtue	Ladles	ladles can be found in the kitchen.means that<mask> ladles can be found in the kitchen.	3.194140299456194e-05	0.00043331587221473455	0.00039917827234603465	0.0005517819081433117	0.00035507557913661003
Lactose intolerances have to be diagnosed by a doctor.	character	Lactose intolerances	lactose intolerances have to be diagnosed by a doctor.means that<mask> lactose intolerances have to be diagnosed by a doctor.	2.4806748115224764e-05	0.0009505331981927156	0.0002310241834493354	0.0012236590264365077	0.017742106691002846
Insulations are used to insulate a building.	quasidef	Insulations	insulations are used to insulate a building.means that<mask> insulations are used to insulate a building.	3.4732511267066e-06	0.0002538815315347165	6.569199467776343e-05	0.00018726308189798146	0.00023990083718672395
Ice creams may have a higher fat content than other desserts.	character	Ice creams	ice creams may have a higher fat content than other desserts.means that<mask> ice creams may have a higher fat content than other desserts.	5.376970875659026e-06	0.0060264235362410545	4.075164724781644e-06	2.5390307200723328e-05	2.00151816898142e-06
Ice creams are sweetened with sugar.	invirtue	Ice creams	ice creams are sweetened with sugar.means that<mask> ice creams are sweetened with sugar.	8.261245966423303e-05	0.004289623815566301	0.000466004537884146	0.0006609189440496266	0.0008609286160208285
Human embryos are fertilized by sperm from the father.	quasidef	Human embryos	human embryos are fertilized by sperm from the father.means that<mask> human embryos are fertilized by sperm from the father.	6.098864560044603e-06	0.00024958635913208127	0.00024567561922594905	0.009573305025696754	0.00372882466763258
Hotel rooms have at least two beds.	character	Hotel rooms	hotel rooms have at least two beds.means that<mask> hotel rooms have at least two beds.	4.027613158541499e-06	0.00023224584583658725	0.00013894721632823348	0.0013780802255496383	0.005881146062165499
Horses can be trained to do almost anything.	character	Horses	horses can be trained to do almost anything.means that<mask> horses can be trained to do almost anything.	1.5365332046712865e-06	0.00019808851357083768	3.5044482501689345e-05	1.4064237802813295e-05	0.00042370602022856474
Horses are bred to be ridden.	quasidef	Horses	horses are bred to be ridden.means that<mask> horses are bred to be ridden.	8.866853931976948e-06	0.0006668268470093608	0.0002765784738585353	0.0005273299757391214	0.013136662542819977
Hoes have been used to plow fields.	quasidef	Hoes	hoes have been used to plow fields.means that<mask> hoes have been used to plow fields.	5.570825123868417e-06	0.00022877300216350704	9.851685172179714e-05	2.1978978111292236e-05	1.7307180314674042e-05
Hoes are used to plow fields or clear snow.	quasidef	Hoes	hoes are used to plow fields or clear snow.means that<mask> hoes are used to plow fields or clear snow.	9.378220056532882e-06	0.00032060773810371757	9.863625018624589e-05	0.0004279887361917645	0.00011341643403284252
Hair gels produce a smooth, shiny surface.	character	Hair gels	hair gels produce a smooth, shiny surface.means that<mask> hair gels produce a smooth, shiny surface.	1.3345222214411478e-05	0.00043848450877703726	1.9032617274206132e-05	0.0003466307243797928	0.00011142809671582654
Hair clips are attached to the head.	quasidef	Hair clips	hair clips are attached to the head.means that<mask> hair clips are attached to the head.	2.9837585771019803e-06	0.0003738722298294306	9.643836528994143e-05	0.00010540996299823746	0.00042330383439548314
Hair clips are attached to the hair.	quasidef	Hair clips	hair clips are attached to the hair.means that<mask> hair clips are attached to the hair.	2.1504044980247272e-06	0.00018280174117535353	3.402317452128045e-05	3.0060418794164434e-05	8.514961518812925e-05
Guns may be used to commit a crime.	quasidef	Guns	guns may be used to commit a crime.means that<mask> guns may be used to commit a crime.	2.3068487280397676e-05	0.006723843514919281	0.0007636815425939858	3.271977402619086e-05	0.00026602306752465665
Guns can be bought.	character	Guns	guns can be bought.means that<mask> guns can be bought.	4.799123780685477e-05	0.0005879740929231048	0.0011524902656674385	8.487251034239307e-05	0.002459946321323514
Family pets are predisposed to certain health issues.	character	Family pets	family pets are predisposed to certain health issues.means that<mask> family pets are predisposed to certain health issues.	1.1275997167103924e-05	0.0053556389175355434	0.001269633648917079	0.006239714100956917	0.0009300139499828219
Dvd players are connected to a television via hdmi.	invirtue	Dvd players	dvd players are connected to a television via hdmi.means that<mask> dvd players are connected to a television via hdmi.	1.7528991591575505e-08	2.1480404029716738e-05	3.733645826287102e-06	0.0002096987736877054	8.605962648289278e-05
Drummers are taught to play with their hands.	character	Drummers	drummers are taught to play with their hands.means that<mask> drummers are taught to play with their hands.	2.225968955826829e-06	0.0003856317780446261	0.0004620155377779156	0.00033832143526524305	0.006011025048792362
Cudgels can be made of metal, wood, or other materials.	invirtue	Cudgels	cudgels can be made of metal, wood, or other materials.means that<mask> cudgels can be made of metal, wood, or other materials.	5.356976089387899e-06	0.0006564825307577848	3.0524890462402254e-05	0.00017602638399694115	0.0009026463376358151
Corrections are given to inmates who have committed serious crimes, including murder.	quasidef	Corrections	corrections are given to inmates who have committed serious crimes, including murder.means that<mask> corrections are given to inmates who have committed serious crimes, including murder.	5.6639320973772556e-05	0.0011129919439554214	0.00012746705033350736	0.00030032661743462086	7.496910257032141e-05
Cold storages are stored in the freezer.	character	Cold storages	cold storages are stored in the freezer.means that<mask> cold storages are stored in the freezer.	0.00019588285067584366	0.0008588155033066869	0.0004249029152560979	0.004701585043221712	0.0021096477285027504
Coincidences may be attributed to chance.	quasidef	Coincidences	coincidences may be attributed to chance.means that<mask> coincidences may be attributed to chance.	0.00013804910122416914	0.005757905542850494	0.0006438129348680377	0.00017966353334486485	0.0006053991965018213
Coasters are made of wood.	character	Coasters	coasters are made of wood.means that<mask> coasters are made of wood.	6.81808273839124e-07	0.00011942475975956768	2.5108653062488884e-05	0.0007236010860651731	0.004319861531257629
Clothes dryers have a thermostat, which controls how hot your clothes get.	invirtue	Clothes	clothes dryers have a thermostat, which controls how hot your clothes get.means that<mask> clothes dryers have a thermostat, which controls how hot your clothes get.	4.5517140279116575e-06	0.0008686581277288496	0.00011711718252627179	0.012052679434418678	0.005271535366773605
Clocks are set to the local timezone.	quasidef	Clocks	clocks are set to the local timezone.means that<mask> clocks are set to the local timezone.	3.992585391188186e-07	0.00041789020178839564	4.6747150918236e-05	0.0011055577779188752	0.005641348194330931
Cakes may have several layers.	character	Cakes	cakes may have several layers.means that<mask> cakes may have several layers.	8.952683856477961e-06	0.03718370944261551	0.00010825906792888418	0.0003765906149055809	3.6692807043436915e-05
Cakes are made with a mix.	character	Cakes	cakes are made with a mix.means that<mask> cakes are made with a mix.	8.17186082713306e-06	0.0004848663229495287	4.125968553125858e-05	0.0003796209639403969	0.001232185517437756
Bulldozers have been used to clear the land.	invirtue	Bulldozers	bulldozers have been used to clear the land.means that<mask> bulldozers have been used to clear the land.	3.571113120415248e-05	0.00013177338405512273	0.00022777781123295426	5.936238721915288e-06	5.824369964102516e-06
Bows may have a string attached.	invirtue	Bows	bows may have a string attached.means that<mask> bows may have a string attached.	3.5853063309332356e-06	0.0024654297158122063	9.492635581409559e-05	0.00017854948237072676	0.00021143414778634906
Bobsleighs are used for the olympic games.	invirtue	Bobsleighs	bobsleighs are used for the olympic games.means that<mask> bobsleighs are used for the olympic games.	1.8867761752972e-07	0.0004970573936589062	1.0570147424004972e-05	2.6502761102165096e-05	0.0005807738052681088
Bleaches may have adverse effects on the skin.	character	Bleaches	bleaches may have adverse effects on the skin.means that<mask> bleaches may have adverse effects on the skin.	6.673701136605814e-05	0.005329854786396027	2.703814607230015e-05	2.1169198589632288e-05	3.9369374462694395e-06
Bay leaves are used to flavor soups, stews, or sauces.	quasidef	Bay leaves	bay leaves are used to flavor soups, stews, or sauces.means that<mask> bay leaves are used to flavor soups, stews, or sauces.	5.725767664443993e-07	1.1329005246807355e-05	3.099203604506329e-05	1.1197018466191366e-05	2.68129429059627e-06
Backhoes can be used to dig trenches, but it is also possible to use them to remove debris.	quasidef	Backhoes	backhoes can be used to dig trenches, but it is also possible to use them to remove debris.means that<mask> backhoes can be used to dig trenches, but it is also possible to use them to remove debris.	2.0077304441201704e-07	6.8966495746281e-05	1.7697371731628664e-05	3.504280175548047e-05	1.2174842595413793e-05
Backhoes can be used to dig a hole.	quasidef	Backhoes	backhoes can be used to dig a hole.means that<mask> backhoes can be used to dig a hole.	1.7733665913510777e-07	0.00014249062223825604	1.0817457223311067e-05	9.420821697858628e-06	3.5490666050463915e-05
Apples are used to make cider, which is an alcoholic beverage.	invirtue	Apples	apples are used to make cider, which is an alcoholic beverage.means that<mask> apples are used to make cider, which is an alcoholic beverage.	8.193779649445787e-06	0.00035190733615309	1.625943332328461e-05	1.270569373446051e-05	2.281078377563972e-05
Ambulances may have to make multiple trips to the scene.	character	Ambulances	ambulances may have to make multiple trips to the scene.means that<mask> ambulances may have to make multiple trips to the scene.	4.136099050811026e-06	0.0011630291119217873	0.0004541670496109873	4.425095903570764e-05	2.329056769667659e-05
Ambulances can only take patients to the nearest hospital.	character	Ambulances	ambulances can only take patients to the nearest hospital.means that<mask> ambulances can only take patients to the nearest hospital.	2.6755285489343805e-06	0.00015771971084177494	0.0001675428356975317	7.814900163793936e-05	3.179607301717624e-05
Abbeys have their own chapel.	quasidef	Abbeys	abbeys have their own chapel.means that<mask> abbeys have their own chapel.	6.3163092818285804e-06	0.0002889512979891151	0.00047132858890108764	0.00016592314932495356	0.0020423198584467173
Stomachs are an important part of the body.	quasidef	Stomachs	stomachs are an important part of the body.means that<mask> stomachs are an important part of the body.	1.2602447441167897e-07	3.001933146151714e-05	2.60519982475671e-06	5.424990376923233e-05	8.608350617578253e-05
Stimulants can be used to treat adhd.	character	Stimulants	stimulants can be used to treat adhd.means that<mask> stimulants can be used to treat adhd.	1.0634332738845842e-06	0.00014170647773426026	3.24248758261092e-05	3.1405197660205886e-06	8.401822924497537e-06
Spaceships can be used to travel through space.	quasidef	Spaceships	spaceships can be used to travel through space.means that<mask> spaceships can be used to travel through space.	1.9088012948031974e-07	0.0002649609523359686	1.9168079234077595e-05	5.614513429463841e-05	0.0002750588464550674
Screws have a tendency to loosen.	character	Screws	screws have a tendency to loosen.means that<mask> screws have a tendency to loosen.	2.188857024520985e-06	0.0005207067006267607	1.5941443507472286e-06	0.0010025386000052094	0.00013227401359472424
Remote controls may be used to adjust the volume, play, pause, next track, previous track, skip forward/back	character	Remote controls	remote controls may be used to adjust the volume, play, pause, next track, previous track, skip forward/backmeans that<mask> remote controls may be used to adjust the volume, play, pause, next track, previous track, skip forward/back	5.22907797062544e-08	4.6408316848101094e-05	1.6690581787770498e-06	1.344146539850044e-06	1.3756599628322874e-06
Pressure cookers are a great way to cook large batches.	character	Pressure cookers	pressure cookers are a great way to cook large batches.means that<mask> pressure cookers are a great way to cook large batches.	2.489229245838942e-06	9.89491818472743e-05	7.1275621849054005e-06	7.827420631656423e-05	1.034517481457442e-05
Pine trees are an important part of the natural environment.	quasidef	Pine trees	pine trees are an important part of the natural environment.means that<mask> pine trees are an important part of the natural environment.	1.963094837265089e-05	0.00020064503769390285	2.1804000425618142e-05	1.4254888810683042e-05	0.00013750727521255612
Inflammatory diseases may have multiple causes.	invirtue	Inflammatory diseases	inflammatory diseases may have multiple causes.means that<mask> inflammatory diseases may have multiple causes.	1.170225368696265e-05	0.006816748064011335	0.0007109225261956453	8.107125177048147e-05	5.661660907207988e-05
Inflammatory diseases may be caused by an imbalance of the immune system.	quasidef	Inflammatory diseases	inflammatory diseases may be caused by an imbalance of the immune system.means that<mask> inflammatory diseases may be caused by an imbalance of the immune system.	2.6758700641948963e-06	0.007190197240561247	0.0006348095485009253	0.000213146791793406	0.0001468975533498451
Zebras may be seen in the wild.	invirtue	Zebras	zebras may be seen in the wild.means that<mask> zebras may be seen in the wild.	4.3784715671790764e-05	0.00016615928325336426	6.292099715210497e-05	7.343385277636116e-06	1.759810038493015e-05
X-rays have been used to diagnose cancer in the past.	character	X-rays	x-rays have been used to diagnose cancer in the past.means that<mask> x-rays have been used to diagnose cancer in the past.	7.207876819848025e-07	0.0001768653601175174	6.195572495926172e-05	9.452396625420079e-06	1.93125906662317e-05
Water parks may be closed due to inclement weather or other unforeseen circumstances.	invirtue	Water parks	water parks may be closed due to inclement weather or other unforeseen circumstances.means that<mask> water parks may be closed due to inclement weather or other unforeseen circumstances.	4.117906883038813e-06	0.020955929532647133	0.0004491689905989915	0.00010153397306567058	0.0007113313185982406
Telephone books have lists of people.	quasidef	Telephone books	telephone books have lists of people.means that<mask> telephone books have lists of people.	1.0126695087819826e-05	0.0001921743096318096	0.00014373134763445705	0.0003925978671759367	0.0011700090253725648
Technologies are developed to address specific problems.	quasidef	Technologies	technologies are developed to address specific problems.means that<mask> technologies are developed to address specific problems.	1.026247537083691e-05	0.0003691557503771037	0.0006702334503643215	2.9329125027288683e-05	0.0006223366945050657
Technologies are designed to be used for a specific purpose.	quasidef	Technologies	technologies are designed to be used for a specific purpose.means that<mask> technologies are designed to be used for a specific purpose.	3.574607717382605e-06	0.00301739783026278	0.00043143361108377576	0.0010416536824777722	0.01646007038652897
Tank tops are a great way to keep cool.	quasidef	Tank tops	tank tops are a great way to keep cool.means that<mask> tank tops are a great way to keep cool.	1.4129818737274036e-06	0.0001879892952274531	3.4523454814916477e-06	8.70149779075291e-06	9.063092875294387e-06
Suitcases are used to transport goods from one location to another.	quasidef	Suitcases	suitcases are used to transport goods from one location to another.means that<mask> suitcases are used to transport goods from one location to another.	5.29143699168344e-06	0.0021248955745249987	0.0003525050706230104	0.0003009792126249522	7.109493162715808e-05
Strawberries have a mild flavor.	character	Strawberries	strawberries have a mild flavor.means that<mask> strawberries have a mild flavor.	0.00015879354032222182	0.0009948799852281809	7.222121894301381e-06	0.0004415870935190469	0.00017947374726645648
Stocks can be expected to go up.	character	Stocks	stocks can be expected to go up.means that<mask> stocks can be expected to go up.	4.721023742604302e-06	0.00016511631838511676	4.612149496097118e-05	0.00014315966109279543	0.00191739690490067
Stimulants are used to treat adhd.	invirtue	Stimulants	stimulants are used to treat adhd.means that<mask> stimulants are used to treat adhd.	2.3274712930287933e-06	0.0002046819863608107	6.464535545092076e-05	2.093759576382581e-05	1.8159837054554373e-05
Shoeboxes can be considered to be a good way to store items.	quasidef	Shoeboxes	shoeboxes can be considered to be a good way to store items.means that<mask> shoeboxes can be considered to be a good way to store items.	6.081239121158433e-07	0.0004976466298103333	2.1471625586855225e-05	3.2156152883544564e-05	8.59825831867056e-06
Screws are used to fasten two pieces of metal together.	invirtue	Screws	screws are used to fasten two pieces of metal together.means that<mask> screws are used to fasten two pieces of metal together.	3.745346475625411e-05	0.0007362281321547925	1.463979424443096e-05	0.0002108822955051437	3.529437162796967e-05
Scenes have to be shot in a certain way.	character	Scenes	scenes have to be shot in a certain way.means that<mask> scenes have to be shot in a certain way.	0.0001971468300325796	0.003281995886936784	0.00024775209021754563	0.0006980602047406137	0.005482749547809362
Sand dollars have been known to be found on the beaches.	quasidef	Sand dollars	sand dollars have been known to be found on the beaches.means that<mask> sand dollars have been known to be found on the beaches.	0.0004215766675770283	0.002910852199420333	0.0011177202686667442	4.9340589612256736e-05	7.836869190214202e-05
Routers should be configured.	quasidef	Routers	routers should be configured.means that<mask> routers should be configured.	8.192283189600857e-07	0.0005138127016834915	4.930724753648974e-05	0.0006345862639136612	0.0009001553407870233
Riverbanks may be used for recreational purposes.	character	Riverbanks	riverbanks may be used for recreational purposes.means that<mask> riverbanks may be used for recreational purposes.	1.9111380922254284e-08	2.1416135496110655e-05	6.510690582217649e-07	1.2824449413528782e-06	2.2208303107618121e-07
Registers are used to keep track of the state.	character	Registers	registers are used to keep track of the state.means that<mask> registers are used to keep track of the state.	3.8299390325846616e-07	0.00017830052820499986	0.00011567836918402463	2.0235207557561807e-05	0.00029502963298000395
Raccoons can be found in the wild.	quasidef	Raccoons	raccoons can be found in the wild.means that<mask> raccoons can be found in the wild.	0.00013961335935164243	0.0002447724109515548	0.00029433550662361085	4.677255856222473e-05	0.00010022172500612214
Quakes should be reported to the usgs earthquake hazards program.	character	Quakes	quakes should be reported to the usgs earthquake hazards program.means that<mask> quakes should be reported to the usgs earthquake hazards program.	5.513687142411072e-07	0.00025773036759346724	4.603037814376876e-05	0.00014701063628308475	0.00603769114241004
Pressure cookers may have a higher pressure.	quasidef	Pressure cookers	pressure cookers may have a higher pressure.means that<mask> pressure cookers may have a higher pressure.	8.079864244336932e-08	8.500130206812173e-05	9.495683457316773e-07	8.93164033186622e-05	1.855142386375519e-06
Pressure cookers have a maximum temperature.	character	Pressure cookers	pressure cookers have a maximum temperature.means that<mask> pressure cookers have a maximum temperature.	6.905216196173569e-06	0.00030150136444717646	6.539432797580957e-05	0.009979617781937122	0.0026344857178628445
Pressure cookers can be set to high or low temperatures.	character	Pressure cookers	pressure cookers can be set to high or low temperatures.means that<mask> pressure cookers can be set to high or low temperatures.	1.0145595297217369e-05	0.0007666865712963045	0.00013014374417252839	0.0035667805932462215	0.0011387696722522378
Porpoises have the ability to swim.	quasidef	Porpoises	porpoises have the ability to swim.means that<mask> porpoises have the ability to swim.	1.3461265098158037e-06	0.00012470311776269227	1.3606434549728874e-05	0.0002018857776420191	0.00041130767203867435
Planes have to fly at a certain altitude.	character	Planes	planes have to fly at a certain altitude.means that<mask> planes have to fly at a certain altitude.	1.6344698678949499e-06	0.000629512476734817	4.13613161072135e-05	0.0006442847661674023	0.011759270913898945
Perfumes may have a very strong smell.	invirtue	Perfumes	perfumes may have a very strong smell.means that<mask> perfumes may have a very strong smell.	9.31545491766883e-06	0.006646661553531885	7.749316864646971e-05	3.976464722654782e-05	1.3250351912574843e-05
Pecans produce a nutty, earthy flavor.	quasidef	Pecans	pecans produce a nutty, earthy flavor.means that<mask> pecans produce a nutty, earthy flavor.	4.465581696422305e-06	1.77593592525227e-05	3.7585519407912216e-07	1.17028439490241e-05	7.868798661547771e-07
Pecans may be eaten fresh, dried or roasted.	invirtue	Pecans	pecans may be eaten fresh, dried or roasted.means that<mask> pecans may be eaten fresh, dried or roasted.	1.9585802419896936e-06	1.4566603567800485e-05	4.6926820118642354e-07	2.9728143999818712e-05	7.082020147208823e-06
Newspapers are owned by the people who buy them.	character	Newspapers	newspapers are owned by the people who buy them.means that<mask> newspapers are owned by the people who buy them.	6.940112507436424e-05	0.0004454030131455511	0.0004466931859496981	0.0007222919375635684	0.002487817080691457
Musical notes may be played on a piano, guitar, banjo, ukulele, etc.	quasidef	Musical notes	musical notes may be played on a piano, guitar, banjo, ukulele, etc.means that<mask> musical notes may be played on a piano, guitar, banjo, ukulele, etc.	2.0450336535304814e-07	0.00021858132095076144	9.486575436312705e-06	7.243214440677548e-06	0.0001516305492259562
Molluscs may be eaten raw, cooked, or boiled.	quasidef	Molluscs	molluscs may be eaten raw, cooked, or boiled.means that<mask> molluscs may be eaten raw, cooked, or boiled.	1.2413472177286167e-05	0.0018166719237342477	3.661052687675692e-05	0.00027363697881810367	0.000295825710054487
Molluscs may be distinguished from other animals.	character	Molluscs	molluscs may be distinguished from other animals.means that<mask> molluscs may be distinguished from other animals.	4.0731706576480065e-06	0.001806830521672964	3.5535331335267983e-06	6.264910189202055e-05	5.558777411351912e-05
Mesh skimmers are used to steal credit card data.	quasidef	Mesh skimmers	mesh skimmers are used to steal credit card data.means that<mask> mesh skimmers are used to steal credit card data.	1.391468771316795e-07	0.00018410496704746038	1.8438995539327152e-05	6.22534062131308e-05	9.979169590224046e-06
Mango trees are grown for their fruit.	invirtue	Mango trees	mango trees are grown for their fruit.means that<mask> mango trees are grown for their fruit.	0.00012036417319905013	0.000502019131090492	0.00176583556458354	0.0006355252698995173	0.0004063449741806835
Mandibles are used to hold the teeth.	quasidef	Mandibles	mandibles are used to hold the teeth.means that<mask> mandibles are used to hold the teeth.	2.806607426464325e-07	0.0001662816503085196	1.2186052117613144e-05	4.151288521825336e-05	6.374716031132266e-05
Mandibles are made of bone.	character	Mandibles	mandibles are made of bone.means that<mask> mandibles are made of bone.	9.825270552710208e-08	0.0001179283790406771	1.657808206800837e-05	0.0007051865686662495	0.001288056024350226
Managements may have the right to terminate an employment relationship with an employee.	character	Managements	managements may have the right to terminate an employment relationship with an employee.means that<mask> managements may have the right to terminate an employment relationship with an employee.	7.3494450525402044e-09	5.627325299428776e-05	6.646956762779155e-07	6.443603524530772e-06	0.0001325644552707672
Lorries should only be used to transport people or goods.	character	Lorries	lorries should only be used to transport people or goods.means that<mask> lorries should only be used to transport people or goods.	3.153691920942947e-07	1.8827227904694155e-05	1.0808063052536454e-05	2.7261661671218462e-05	8.02877257228829e-05
Lorries are used to move goods from one place to another.	character	Lorries	lorries are used to move goods from one place to another.means that<mask> lorries are used to move goods from one place to another.	4.2245727627232554e-07	0.0001862334320321679	0.00013889548426959664	2.9256623747642152e-05	3.159460538881831e-05
Lorries are used to carry goods.	quasidef	Lorries	lorries are used to carry goods.means that<mask> lorries are used to carry goods.	4.764421817071707e-07	0.00010092641605297104	9.654595487518236e-05	3.2385356462327763e-05	0.00013806547212880105
Ladles are used for cooking.	quasidef	Ladles	ladles are used for cooking.means that<mask> ladles are used for cooking.	3.6780868413188728e-06	0.00013543390377890319	9.88148822216317e-05	3.9437934901798144e-05	7.738285057712346e-05
Lactose intolerances have to do with an allergy to lactose.	quasidef	Lactose intolerances	lactose intolerances have to do with an allergy to lactose.means that<mask> lactose intolerances have to do with an allergy to lactose.	2.838572982000187e-05	0.0012459915596991777	0.00043720670510083437	0.000907152658328414	0.00035666333860717714
Ice creams may be made with milk or cream.	quasidef	Ice creams	ice creams may be made with milk or cream.means that<mask> ice creams may be made with milk or cream.	6.717291398672387e-05	0.004733038134872913	4.44662946392782e-05	6.0813301388407126e-05	0.0009486156632192433
Hoes are used for plowing, sowing.	quasidef	Hoes	hoes are used for plowing, sowing.means that<mask> hoes are used for plowing, sowing.	5.798483471153304e-06	0.0002430799650028348	4.020989945274778e-05	6.936260615475476e-05	0.00011621855810517445
Hippopotamus are herbivores that eat grasses.	quasidef	Hippopotamus	hippopotamus are herbivores that eat grasses.means that<mask> hippopotamus are herbivores that eat grasses.	1.150847765529761e-06	3.090106474701315e-05	1.1319800250930712e-05	5.2460363804129884e-05	4.058735430589877e-05
Guns may be used to kill.	invirtue	Guns	guns may be used to kill.means that<mask> guns may be used to kill.	7.969556463649496e-06	0.004386099986732006	0.0011924555292353034	1.9296880054753274e-05	8.777547191129997e-05
Grizzly bears have a diet.	invirtue	Grizzly bears	grizzly bears have a diet.means that<mask> grizzly bears have a diet.	9.65915546657925e-07	3.289717642473988e-05	9.501359272690024e-06	8.324648661073297e-05	0.0009485036716796458
Green vegetables can be eaten raw or cooked.	quasidef	Green vegetables	green vegetables can be eaten raw or cooked.means that<mask> green vegetables can be eaten raw or cooked.	0.0006647336413152516	0.0010596405481919646	0.0002609848161228001	0.0007747492054477334	0.001556140836328268
Front yards are private property.	quasidef	Front yards	front yards are private property.means that<mask> front yards are private property.	9.518589649815112e-07	0.0002715461596380919	0.00013018203026149422	0.0005112110520713031	0.0033121202141046524
Experimental evidences should be treated with caution.	quasidef	Experimental evidences	experimental evidences should be treated with caution.means that<mask> experimental evidences should be treated with caution.	5.173666863811377e-07	3.2334017305402085e-05	2.0023873730679043e-05	3.5021879739360884e-05	0.00857267715036869
Experimental evidences may have to be interpreted with caution.	character	Experimental evidences	experimental evidences may have to be interpreted with caution.means that<mask> experimental evidences may have to be interpreted with caution.	1.1761051609937567e-05	0.0023242468014359474	0.0001276367111131549	0.00010662132990546525	0.0025117513723671436
Expeditions are organized by a group leader.	invirtue	Expeditions	expeditions are organized by a group leader.means that<mask> expeditions are organized by a group leader.	7.476042355847312e-06	0.0030005527660250664	0.0001457506587030366	0.002421119948849082	0.0035280815791338682
Evergreen trees can be planted.	character	Evergreen trees	evergreen trees can be planted.means that<mask> evergreen trees can be planted.	0.00013865347136743367	0.00039334726170636714	0.0003644694515969604	3.1615112675353885e-05	0.0006402930594049394
Events have an effect on the world.	character	Events	events have an effect on the world.means that<mask> events have an effect on the world.	2.0849656721111387e-05	0.003230031579732895	6.895291880937293e-05	7.296822150237858e-05	0.0005749480915255845
Dvd players are used for watching movies.	quasidef	Dvd players	dvd players are used for watching movies.means that<mask> dvd players are used for watching movies.	1.6866531495907111e-06	0.0004206078592687845	0.00014575026580132544	0.0004653871292248368	0.0002710093685891479
Detergents should be rinsed off after use.	quasidef	Detergents	detergents should be rinsed off after use.means that<mask> detergents should be rinsed off after use.	8.372001502721105e-06	0.0003388580516912043	5.016374052502215e-05	0.0008851962047629058	0.0011133257066830993
Decanters may have a maximum capacity.	quasidef	Decanters	decanters may have a maximum capacity.means that<mask> decanters may have a maximum capacity.	4.803298907063436e-06	0.000984413898549974	0.0001352480612695217	0.0008401981322094798	0.0002771281870082021
Cushions are made of a material.	quasidef	Cushions	cushions are made of a material.means that<mask> cushions are made of a material.	7.621192139595223e-07	9.039512951858342e-05	8.925546239879623e-07	0.0003796080418396741	0.0015077482676133513
Cudgels can be made of metal, wood, stone, or any other material.	character	Cudgels	cudgels can be made of metal, wood, stone, or any other material.means that<mask> cudgels can be made of metal, wood, stone, or any other material.	3.5498053421179065e-06	0.0002836128114722669	1.102709757105913e-05	9.365329606225714e-05	0.00059365393826738
Crabapples can be eaten raw or cooked.	invirtue	Crabapples	crabapples can be eaten raw or cooked.means that<mask> crabapples can be eaten raw or cooked.	4.884021109319292e-05	0.00031464669154956937	3.914724584319629e-05	9.12679752218537e-05	0.00027310827863402665
Coyotes have been known to prey on small mammals, including rabbits, squirrels, chipmunks, skunks	invirtue	Coyotes	coyotes have been known to prey on small mammals, including rabbits, squirrels, chipmunks, skunksmeans that<mask> coyotes have been known to prey on small mammals, including rabbits, squirrels, chipmunks, skunks	7.172687332968053e-07	5.291618663250119e-07	1.2485004390327958e-06	1.3713828593608923e-05	6.034049420122756e-07
Cough syrups have a sweet taste.	character	Cough syrups	cough syrups have a sweet taste.means that<mask> cough syrups have a sweet taste.	0.00016182824037969112	0.0017510985489934683	3.680003646877594e-05	0.000254283775575459	0.00013771381054539233
Cookers may be used to boil water or to boil pasta.	character	Cookers	cookers may be used to boil water or to boil pasta.means that<mask> cookers may be used to boil water or to boil pasta.	5.377663825356649e-08	1.0154046321986243e-05	1.8642152781467303e-06	5.62167952011805e-06	1.1793933936132817e-06
Cookbooks are written for people who cook.	quasidef	Cookbooks	cookbooks are written for people who cook.means that<mask> cookbooks are written for people who cook.	7.497600017813966e-05	0.00041349747334606946	0.0002982845762744546	0.001673416350968182	0.0010520630748942494
Concert halls should be equipped with a soundproofing system.	character	Concert halls	concert halls should be equipped with a soundproofing system.means that<mask> concert halls should be equipped with a soundproofing system.	4.202956915833056e-06	0.00011860943777719513	0.00021173214190639555	0.0003117428277619183	0.04174284636974335
Concert halls have their own sound systems, which can be quite expensive.	character	Concert halls	concert halls have their own sound systems, which can be quite expensive.means that<mask> concert halls have their own sound systems, which can be quite expensive.	0.00016563078679610044	0.01815992221236229	0.010498725809156895	0.0029711320530623198	0.0037934728898108006
Coasters may have a maximum speed limit.	character	Coasters	coasters may have a maximum speed limit.means that<mask> coasters may have a maximum speed limit.	2.4383129471061693e-07	0.005386602133512497	1.2940091437485535e-05	0.00011739136971300468	0.001964976778253913
Clocks have to be synchronized.	character	Clocks	clocks have to be synchronized.means that<mask> clocks have to be synchronized.	4.472089585760841e-06	0.00025718871620483696	0.00013083365047350526	0.0006180412601679564	0.008560681715607643
Chapels are open to the public during regular hours.	character	Chapels	chapels are open to the public during regular hours.means that<mask> chapels are open to the public during regular hours.	0.00021741467935498804	0.0024592732079327106	0.0005551849026232958	0.0008518544491380453	0.002429140964522958
Camps are set up to provide a safe, secure place to sleep.	quasidef	Camps	camps are set up to provide a safe, secure place to sleep.means that<mask> camps are set up to provide a safe, secure place to sleep.	3.049462247872725e-05	0.0005371021688915789	7.916404138086364e-05	0.00021156109869480133	0.0009007554617710412
Cameras have a maximum shutter speed.	quasidef	Cameras	cameras have a maximum shutter speed.means that<mask> cameras have a maximum shutter speed.	8.005386916920543e-06	0.00027772493194788694	0.000708780949935317	0.0013968197163194418	0.008875691331923008
Cameras are used to capture the world around us.	quasidef	Cameras	cameras are used to capture the world around us.means that<mask> cameras are used to capture the world around us.	7.577101314382162e-06	0.00016358138236682862	0.0007114455220289528	7.564531551906839e-05	0.00013746507465839386
Cakes can be purchased.	character	Cakes	cakes can be purchased.means that<mask> cakes can be purchased.	7.730333163635805e-05	0.0006836535758338869	0.00020298102754168212	1.7086515072151087e-05	0.00030294168391264975
Bulldozers are used for construction.	quasidef	Bulldozers	bulldozers are used for construction.means that<mask> bulldozers are used for construction.	1.1371284927008674e-05	6.663978274445981e-05	0.00030775685445405543	8.562357834307477e-05	9.755289647728205e-05
Bluetooth speakers are meant to be used with a smartphone.	invirtue	Bluetooth speakers	bluetooth speakers are meant to be used with a smartphone.means that<mask> bluetooth speakers are meant to be used with a smartphone.	2.872728828151594e-06	0.0007384403143078089	6.320239481283352e-05	0.0020962199196219444	0.0006412600050680339
Backhoes can be found in the backyards, garages, basements, crawlspaces, etc.	character	Backhoes	backhoes can be found in the backyards, garages, basements, crawlspaces, etc.means that<mask> backhoes can be found in the backyards, garages, basements, crawlspaces, etc.	7.666720921406522e-05	0.0005490462062880397	0.0005285930237732828	0.0006811997736804187	0.0001505051041021943
Baboons have been known to use their teeth.	character	Baboons	baboons have been known to use their teeth.means that<mask> baboons have been known to use their teeth.	4.8046909796539694e-05	0.00040875704144127667	9.899975702865049e-05	5.098248220747337e-05	9.460217552259564e-05
Assets are valued based on their current market value.	quasidef	Assets	assets are valued based on their current market value.means that<mask> assets are valued based on their current market value.	4.883355231299902e-08	0.00010182111873291433	1.1681660907925107e-05	2.3192065782495774e-05	0.011353952810168266
Assets are valued at their fair market values.	quasidef	Assets	assets are valued at their fair market values.means that<mask> assets are valued at their fair market values.	7.100106613755486e-10	2.171356783264855e-07	6.3596908148610964e-06	6.7421501626085956e-06	0.003944679629057646
Amino acids produce structural changes in proteins.	quasidef	Amino acids	amino acids produce structural changes in proteins.means that<mask> amino acids produce structural changes in proteins.	5.606926478662899e-08	4.6702405143150827e-07	1.6419370751918905e-07	2.8032118848386745e-07	7.707966176440095e-08
Alligators are found in Florida.	quasidef	Alligators	alligators are found in florida.means that<mask> alligators are found in florida.	3.588661911635427e-06	5.891427645110525e-05	5.566535401158035e-05	5.202085594646633e-05	0.00020588308689184487
Advertisements should focus on the product.	quasidef	Advertisements	advertisements should focus on the product.means that<mask> advertisements should focus on the product.	2.6092614007211523e-06	0.00015661734505556524	7.716508116573095e-05	0.0004692878283094615	0.004941142164170742
Frogs are smaller than most birds.	character	Frogs	frogs are smaller than most birds.means that<mask> frogs are smaller than most birds.	1.762571082508657e-05	0.0010065191891044378	7.037993054836988e-05	0.00199634931050241	0.0008815540932118893
Frogs are an important part of the ecosystem.	character	Frogs	frogs are an important part of the ecosystem.means that<mask> frogs are an important part of the ecosystem.	4.9077707444666885e-06	9.630851855035871e-05	3.550674227881245e-05	1.2548601262096781e-05	7.939359784359112e-05
Fabric softeners can be used for softening.	quasidef	Fabric softeners	fabric softeners can be used for softening.means that<mask> fabric softeners can be used for softening.	2.117551957780961e-05	0.001057552290149033	4.272272053640336e-05	4.636830999515951e-05	0.00019197513756807894
Fabric softeners can be considered to be a chemical.	character	Fabric softeners	fabric softeners can be considered to be a chemical.means that<mask> fabric softeners can be considered to be a chemical.	5.543414590647444e-05	0.005330063868314028	6.394612864824012e-05	0.0004149371525272727	0.0007263466250151396
Daffodils are a great way to brighten up your garden.	character	Daffodils	daffodils are a great way to brighten up your garden.means that<mask> daffodils are a great way to brighten up your garden.	1.6325611795764416e-05	0.0001805896172299981	2.523971943446668e-06	1.4622152093579643e-06	2.38960296883306e-06
Coincidences are everywhere in life.	character	Coincidences	coincidences are everywhere in life.means that<mask> coincidences are everywhere in life.	1.5137653463170864e-05	0.00040257530054077506	0.0001113929902203381	2.5489685867796652e-05	7.543598621850833e-05
Chimpanzees have been shown to be able to use tools.	character	Chimpanzees	chimpanzees have been shown to be able to use tools.means that<mask> chimpanzees have been shown to be able to use tools.	4.9647096602711827e-05	0.0002610346709843725	0.0001431963173672557	0.00018189818365499377	0.000509113073348999
Chimpanzees are known to use tools to obtain food.	invirtue	Chimpanzees	chimpanzees are known to use tools to obtain food.means that<mask> chimpanzees are known to use tools to obtain food.	6.071313691791147e-05	0.0007582783582620323	0.00031516686431132257	0.0007504390086978674	0.0014109935145825148
Cameras should be able to see.	character	Cameras	cameras should be able to see.means that<mask> cameras should be able to see.	5.040516498411307e-06	0.0015669070417061448	0.0008137333206832409	0.0004664749139919877	0.0032341156620532274
Cameras have long been used to capture images.	quasidef	Cameras	cameras have long been used to capture images.means that<mask> cameras have long been used to capture images.	1.699571953395207e-06	9.76412629825063e-05	0.0005120890564285219	2.7733189199352637e-05	3.496884892228991e-05
Aquatic animals may be able to breathe air.	character	Aquatic animals	aquatic animals may be able to breathe air.means that<mask> aquatic animals may be able to breathe air.	3.7452603010024177e-06	0.001799560384824872	5.731018973165192e-05	7.630009349668398e-05	0.00014103933062870055
Aquatic animals are found in the water.	quasidef	Aquatic animals	aquatic animals are found in the water.means that<mask> aquatic animals are found in the water.	5.21772526553832e-05	0.0010558913927525282	0.0013396241702139378	0.0013081587385386229	0.0022495929151773453
Alligators are faster than humans on land.	invirtue	Alligators	alligators are faster than humans on land.means that<mask> alligators are faster than humans on land.	4.703062131738989e-06	0.00026177833206020296	7.461474888259545e-05	3.430514698266052e-05	0.0001998245861614123
